-- MySQL dump 10.13  Distrib 5.7.17, for Win64 (x86_64)
--
-- Host: localhost    Database: mixhub
-- ------------------------------------------------------
-- Server version	5.7.17-log

/*!40101 SET @OLD_CHARACTER_SET_CLIENT=@@CHARACTER_SET_CLIENT */;
/*!40101 SET @OLD_CHARACTER_SET_RESULTS=@@CHARACTER_SET_RESULTS */;
/*!40101 SET @OLD_COLLATION_CONNECTION=@@COLLATION_CONNECTION */;
/*!40101 SET NAMES utf8 */;
/*!40103 SET @OLD_TIME_ZONE=@@TIME_ZONE */;
/*!40103 SET TIME_ZONE='+00:00' */;
/*!40014 SET @OLD_UNIQUE_CHECKS=@@UNIQUE_CHECKS, UNIQUE_CHECKS=0 */;
/*!40014 SET @OLD_FOREIGN_KEY_CHECKS=@@FOREIGN_KEY_CHECKS, FOREIGN_KEY_CHECKS=0 */;
/*!40101 SET @OLD_SQL_MODE=@@SQL_MODE, SQL_MODE='NO_AUTO_VALUE_ON_ZERO' */;
/*!40111 SET @OLD_SQL_NOTES=@@SQL_NOTES, SQL_NOTES=0 */;

--
-- Table structure for table `accounts`
--

DROP TABLE IF EXISTS `accounts`;
/*!40101 SET @saved_cs_client     = @@character_set_client */;
/*!40101 SET character_set_client = utf8 */;
CREATE TABLE `accounts` (
  `id` int(11) NOT NULL AUTO_INCREMENT,
  `date` bigint(20) NOT NULL,
  `permission` int(11) NOT NULL DEFAULT '0',
  `register_ip` tinytext NOT NULL,
  `email` mediumtext NOT NULL,
  `username` tinytext NOT NULL,
  `password` tinytext NOT NULL,
  `firstname` tinytext NOT NULL,
  `lastname` tinytext NOT NULL,
  `address_1` tinytext,
  `address_2` tinytext,
  `city` tinytext,
  `state` tinytext,
  `country` tinytext,
  `zip` tinytext,
  `phone` tinytext,
  PRIMARY KEY (`id`)
) ENGINE=InnoDB AUTO_INCREMENT=16 DEFAULT CHARSET=utf8;
/*!40101 SET character_set_client = @saved_cs_client */;

--
-- Dumping data for table `accounts`
--

LOCK TABLES `accounts` WRITE;
/*!40000 ALTER TABLE `accounts` DISABLE KEYS */;
INSERT INTO `accounts` VALUES (1,1491168322595,0,'0:0:0:0:0:0:0:1','e_test','u_test','p_test','Thomas','Burkley',NULL,NULL,NULL,NULL,NULL,NULL,NULL),(2,1491168322595,1,'0:0:0:0:0:0:0:1','e_test_e','u_test','p_test','Richard','Doobies',NULL,NULL,NULL,NULL,NULL,NULL,NULL),(3,1491168322595,2,'0:0:0:0:0:0:0:1','e_test_a','u_test','p_test','Johnny','Joints',NULL,NULL,NULL,NULL,NULL,NULL,NULL),(4,1491189027480,0,'127.0.0.1','','','','Smoked','Pot',NULL,NULL,NULL,NULL,NULL,NULL,NULL),(5,1491194817596,0,'0:0:0:0:0:0:0:1','eee','eee','eee','eee','eee',NULL,NULL,NULL,NULL,NULL,NULL,NULL),(6,1491214858625,0,'0:0:0:0:0:0:0:1','e','u','p','f','l',NULL,NULL,NULL,NULL,NULL,NULL,NULL),(7,1491214874015,1,'0:0:0:0:0:0:0:1','e2','u','p','f','l',NULL,NULL,NULL,NULL,NULL,NULL,NULL),(8,1491263939241,1,'0:0:0:0:0:0:0:1','a1','a1','p','John','John',NULL,NULL,NULL,NULL,NULL,NULL,NULL),(9,1491263953172,0,'0:0:0:0:0:0:0:1','a2','a2','p','Jimmy','Jim',NULL,NULL,NULL,NULL,NULL,NULL,NULL),(10,1491271967222,0,'0:0:0:0:0:0:0:1','aa','aa','p','aa','aa',NULL,NULL,NULL,NULL,NULL,NULL,NULL),(11,1491272184499,0,'0:0:0:0:0:0:0:1','fwqqwffw','qwfqwffwqw','qwfwqffwq','wqfwqfw','ffqwffwq',NULL,NULL,NULL,NULL,NULL,NULL,NULL),(12,1491277207990,0,'0:0:0:0:0:0:0:1','eg','eg','eg','eg','eg',NULL,NULL,NULL,NULL,NULL,NULL,NULL),(13,1491565887348,0,'0:0:0:0:0:0:0:1','g','g','g','g','g',NULL,NULL,NULL,NULL,NULL,NULL,NULL),(14,1492978997360,0,'0:0:0:0:0:0:0:1','johnny_joints','johnny_joints','johnny_joints','Johnny','Joints',NULL,NULL,NULL,NULL,NULL,NULL,NULL),(15,1492979613955,0,'0:0:0:0:0:0:0:1','johnny_joints2','johnny_joints2','johnny_joints','johnny_joints2','johnny_joints2',NULL,NULL,NULL,NULL,NULL,NULL,NULL);
/*!40000 ALTER TABLE `accounts` ENABLE KEYS */;
UNLOCK TABLES;

--
-- Table structure for table `invoices`
--

DROP TABLE IF EXISTS `invoices`;
/*!40101 SET @saved_cs_client     = @@character_set_client */;
/*!40101 SET character_set_client = utf8 */;
CREATE TABLE `invoices` (
  `id` int(11) NOT NULL,
  `owner_id` int(11) NOT NULL,
  `owner_ip` tinytext NOT NULL,
  `product_id` int(11) NOT NULL,
  `date` bigint(20) NOT NULL,
  `amount` decimal(10,2) NOT NULL,
  `amount_tax` decimal(10,2) NOT NULL,
  `amount_total` decimal(10,2) NOT NULL,
  `stage` tinyint(1) NOT NULL,
  `payment_date` bigint(20) DEFAULT NULL,
  `payment_form` tinyint(1) DEFAULT NULL,
  `payment_ip` tinytext,
  `job_id` int(11) DEFAULT NULL,
  PRIMARY KEY (`id`)
) ENGINE=MyISAM AUTO_INCREMENT=8 DEFAULT CHARSET=latin1;
/*!40101 SET character_set_client = @saved_cs_client */;

--
-- Dumping data for table `invoices`
--

LOCK TABLES `invoices` WRITE;
/*!40000 ALTER TABLE `invoices` DISABLE KEYS */;
INSERT INTO `invoices` VALUES (1,1,'0:0:0:0:0:0:0:1',1,1492970008279,9999.99,1199.99,11199.99,2,NULL,NULL,NULL,15),(2,1,'0:0:0:0:0:0:0:1',1,1492972971844,9999.99,1199.99,11199.99,2,NULL,NULL,NULL,16),(3,1,'0:0:0:0:0:0:0:1',1,1492978727408,9999.99,1199.99,11199.99,1,NULL,NULL,NULL,NULL),(4,14,'0:0:0:0:0:0:0:1',1,1492979050836,9999.99,1199.99,11199.99,2,NULL,NULL,NULL,17),(5,14,'0:0:0:0:0:0:0:1',1,1492979062173,9999.99,1199.99,11199.99,2,NULL,NULL,NULL,18),(6,14,'0:0:0:0:0:0:0:1',1,1492979079003,9999.99,1199.99,11199.99,0,NULL,NULL,NULL,NULL),(7,15,'0:0:0:0:0:0:0:1',1,1492979933208,9999.99,1199.99,11199.99,2,NULL,NULL,NULL,19),(8,14,'0:0:0:0:0:0:0:1',1,1492987364436,9999.99,1199.99,11199.99,2,NULL,NULL,NULL,20);
/*!40000 ALTER TABLE `invoices` ENABLE KEYS */;
UNLOCK TABLES;

--
-- Table structure for table `job_comments`
--

DROP TABLE IF EXISTS `job_comments`;
/*!40101 SET @saved_cs_client     = @@character_set_client */;
/*!40101 SET character_set_client = utf8 */;
CREATE TABLE `job_comments` (
  `id` int(11) NOT NULL AUTO_INCREMENT,
  `job_id` int(11) NOT NULL,
  `owner_id` int(11) NOT NULL,
  `owner_ip` tinytext NOT NULL,
  `date` bigint(20) NOT NULL,
  `comment` longtext NOT NULL,
  `filepathsCSV` longtext COMMENT 'files identified by their ID and separated by '',''',
  PRIMARY KEY (`id`)
) ENGINE=InnoDB AUTO_INCREMENT=126 DEFAULT CHARSET=utf8;
/*!40101 SET character_set_client = @saved_cs_client */;

--
-- Dumping data for table `job_comments`
--

LOCK TABLES `job_comments` WRITE;
/*!40000 ALTER TABLE `job_comments` DISABLE KEYS */;
INSERT INTO `job_comments` VALUES (1,1,1,'',1491190463144,'gewgweweg','C:\\Users\\John\\Desktop\\Github\\MixHub2 - Intellij\\uploads\\NLGJ4XYVIYZA_themixhubonline_LICENSE'),(2,1,1,'',1491201277829,'test',NULL),(3,1,1,'',1491201298340,'testtest',NULL),(4,1,1,'',1491201356451,'file upload test','C:\\Users\\John\\Desktop\\Github\\MixHub2 - Intellij\\uploads\\N0T4QWUUDTZB_themixhubonline_LICENSE'),(5,1,2,'',1491213044174,'Hello, I\'m your mix hub engineer! I am currently reviewing your submitted mix.',NULL),(6,1,2,'',1491214142296,'Hello, I\'m your mix hub engineer! I am currently reviewing your submitted mix.',NULL),(7,2,6,'',1491214914968,'Heres my shit song guys make it sound good!','C:\\Users\\John\\Desktop\\Github\\MixHub2 - Intellij\\uploads\\EXVLJLV3NXQT_themixhubonline_MixHub2 - Intellij.zip'),(8,2,7,'',1491214979287,'Hello, I\'m your mix hub engineer! I am currently reviewing your submitted mix.',NULL),(9,2,6,'',1491215000991,'Hey thanks!!!!!',NULL),(10,2,7,'',1491216660717,'Hello, I\'m your mix hub engineer! I am currently reviewing your submitted mix.',NULL),(11,2,7,'',1491216664207,'Hello, I\'m your mix hub engineer! I am currently reviewing your submitted mix.',NULL),(12,2,7,'',1491216665034,'Hello, I\'m your mix hub engineer! I am currently reviewing your submitted mix.',NULL),(13,2,7,'',1491216665852,'Hello, I\'m your mix hub engineer! I am currently reviewing your submitted mix.',NULL),(14,2,7,'',1491216666484,'Hello, I\'m your mix hub engineer! I am currently reviewing your submitted mix.',NULL),(15,2,7,'',1491216667231,'Hello, I\'m your mix hub engineer! I am currently reviewing your submitted mix.',NULL),(16,2,7,'',1491216667956,'Hello, I\'m your mix hub engineer! I am currently reviewing your submitted mix.',NULL),(17,2,7,'',1491216669174,'Hello, I\'m your mix hub engineer! I am currently reviewing your submitted mix.',NULL),(18,2,7,'',1491216672131,'Hello, I\'m your mix hub engineer! I am currently reviewing your submitted mix.',NULL),(19,2,7,'',1491216677548,'Hello, I\'m your mix hub engineer! I am currently reviewing your submitted mix.',NULL),(20,2,7,'',1491217002814,'I\'ve completed the review, it\'s now up to you to decide if you want anything changed or to close the ticket.',NULL),(21,2,6,'',1491252907014,'Hey I\'d like to request a revision change.',NULL),(22,2,6,'',1491252916739,'needs more bass bro',NULL),(23,2,7,'',1491252933440,'sure heres the bass bud','C:\\Users\\John\\Desktop\\Github\\MixHub2 - Intellij\\uploads\\BWNK7D7SSQG3_themixhubonline_MixHub2 - Intellij.zip'),(24,2,7,'',1491252939168,'',NULL),(25,2,7,'',1491253252717,'ee',NULL),(26,2,7,'',1491253294063,'test',NULL),(27,2,7,'',1491253296649,'I\'ve completed the review, it\'s now up to you to decide if you want anything changed or to close the ticket.',NULL),(28,2,6,'',1491253302150,'This is great! I\'m satisfied, Thank you.',NULL),(29,3,9,'',1491263980176,'Make the song good','C:\\Users\\John\\Desktop\\Github\\MixHub2 - Intellij\\uploads\\1G54A3QOGTBV_themixhubonline_MixHub2 - Intellij.zip'),(30,3,8,'',1491264060182,'Hello, I\'m your mix hub engineer! I am currently reviewing your submitted mix.',NULL),(31,3,8,'',1491264075016,'Hey heres the finished song','C:\\Users\\John\\Desktop\\Github\\MixHub2 - Intellij\\uploads\\17Y0FVQUT2HD_themixhubonline_MixHub2 - Intellij.zip'),(32,3,8,'',1491264082369,'I\'ve completed the review, it\'s now up to you to decide if you want anything changed or to close the ticket.',NULL),(33,3,9,'',1491264092003,'I want more bass!!!',NULL),(34,3,9,'',1491264093455,'Hey I\'d like to request a revision change.',NULL),(35,3,8,'',1491264103099,'done','C:\\Users\\John\\Desktop\\Github\\MixHub2 - Intellij\\uploads\\13SZWOQXO8KZ_themixhubonline_MixHub2 - Intellij.zip'),(36,3,8,'',1491264104288,'I\'ve completed the review, it\'s now up to you to decide if you want anything changed or to close the ticket.',NULL),(37,3,9,'',1491264110754,'Thanks!',NULL),(38,3,9,'',1491264111994,'This is great! I\'m satisfied, Thank you.',NULL),(39,4,10,'',1491271981461,'aapapa','C:\\Users\\John\\Desktop\\Github\\MixHub2 - Intellij\\uploads\\V3GGD64GU960_themixhubonline_MixHub2 - Intellij.zip'),(40,5,12,'',1491277235319,'gogogog','C:\\Users\\John\\Desktop\\Github\\MixHub2 - Intellij\\uploads\\D3HBJMWZIFBH_themixhubonline_MixHub2 - Intellij.zip'),(41,6,1,'',1491278901853,'new one goes here fuck ya','C:\\Users\\John\\Desktop\\Github\\MixHub2 - Intellij\\uploads\\LC30OI2MR78P_themixhubonline_MixHub2 - Intellij.zip'),(42,7,6,'',1491279012381,'why not','C:\\Users\\John\\Desktop\\Github\\MixHub2 - Intellij\\uploads\\YIP4UWAD1I4D_themixhubonline_MixHub2 - Intellij.zip'),(43,7,7,'',1491279031214,'Hello, I\'m your mix hub engineer! I am currently reviewing your submitted mix.',NULL),(44,8,6,'',1491279200782,'aint even shit','C:\\Users\\John\\Desktop\\Github\\MixHub2 - Intellij\\uploads\\OFXB8G7DTRSF_themixhubonline_MixHub2 - Intellij.zip'),(45,8,7,'',1491280278340,'Hello, I\'m your mix hub engineer! I am currently reviewing your submitted mix.',NULL),(46,8,7,'',1491280279357,'I\'ve completed the review, it\'s now up to you to decide if you want anything changed or to close the ticket.',NULL),(47,8,6,'',1491280282785,'Hey I\'d like to request a revision change.',NULL),(48,8,7,'',1491280286163,'I\'ve completed the review, it\'s now up to you to decide if you want anything changed or to close the ticket.',NULL),(49,8,6,'',1491280290479,'Hey I\'d like to request a revision change.',NULL),(50,8,7,'',1491280294084,'I\'ve completed the review, it\'s now up to you to decide if you want anything changed or to close the ticket.',NULL),(51,8,7,'',1491280437780,'I\'ve completed the review, it\'s now up to you to decide if you want anything changed or to close the ticket.',NULL),(52,8,6,'',1491280487046,'Hey I\'d like to request a revision change.',NULL),(53,8,7,'',1491280490662,'I\'ve completed the review, it\'s now up to you to decide if you want anything changed or to close the ticket.',NULL),(54,8,7,'',1491289306827,'hey','C:\\Users\\John\\Desktop\\Github\\MixHub2 - Intellij\\uploads\\85ARS24MT7LD_themixhubonline_MixHub2 - Intellij.zip'),(55,8,7,'',1491289554812,'cool',NULL),(56,8,7,'',1491289561530,'COOL BRO',NULL),(57,8,7,'',1491289568891,'&lt;b&gt;COOL AS FUCK&lt;/b&gt;',NULL),(58,4,7,'',1491291583389,'Hello, I\'m your mix hub engineer! I am currently reviewing your submitted mix.',NULL),(59,9,6,'',1491293864034,'rehherrheerh','C:\\Users\\John\\Desktop\\Github\\MixHub2 - Intellij\\uploads\\WAA4MSUDI7G1_themixhubonline_MixHub2 - Intellij.zip'),(60,9,6,'',1491293867993,'brebrberbe',NULL),(61,9,8,'',1491293984512,'Hello, I\'m your mix hub engineer! I am currently reviewing your submitted mix.',NULL),(62,9,8,'',1491294237720,'I\'ve completed the review, it\'s now up to you to decide if you want anything changed or to close the ticket.',NULL),(63,9,8,'',1491294257341,'brberbreberber',NULL),(64,9,8,'',1491294261449,'ewgggggggegwegwgegewegwegw',NULL),(65,9,6,'',1491294267243,'wegegweggew',NULL),(66,9,6,'',1491294269199,'wgewegewgewe',NULL),(67,9,6,'',1491294270825,'wgewgewggew',NULL),(68,9,6,'',1491294272430,'wgeewew',NULL),(69,9,8,'',1491294275493,'wegweweg',NULL),(70,9,8,'',1491294278234,'wegewggewweg',NULL),(71,9,8,'',1491294280137,'wegegwgwe',NULL),(72,6,8,'',1491294286510,'Hello, I\'m your mix hub engineer! I am currently reviewing your submitted mix.',NULL),(73,6,8,'',1491294288853,'wegewgew',NULL),(74,6,8,'',1491294291199,'ewgweewgweg',NULL),(75,6,8,'',1491294295746,'','C:\\Users\\John\\Desktop\\Github\\MixHub2 - Intellij\\uploads\\FLTG8PUGK7AF_themixhubonline_MixHub2 - Intellij.zip'),(76,6,8,'',1491294298480,'I\'ve completed the review, it\'s now up to you to decide if you want anything changed or to close the ticket.',NULL),(77,9,8,'',1491294309963,'egwewgegwegwewg',NULL),(78,9,8,'',1491294311988,'ewgewg',NULL),(79,9,6,'',1491294314996,'Hey I\'d like to request a revision change.',NULL),(80,9,8,'',1491294319549,'egwgewe',NULL),(81,9,8,'',1491294364727,'I\'ve completed the review, it\'s now up to you to decide if you want anything changed or to close the ticket.',NULL),(82,9,6,'',1491294368128,'Hey I\'d like to request a revision change.',NULL),(83,9,8,'',1491294370869,'I\'ve completed the review, after 3 revisions I am now automatically closing this.',NULL),(84,3,9,'',1491297015267,'hi',NULL),(85,9,8,'',1491297044742,'ey',NULL),(86,9,8,'',1491297048393,'not gud\r\n',NULL),(87,9,8,'',1491297057271,'test3etst',NULL),(88,5,8,'',1491297858224,'Hello, I\'m your mix hub engineer! I am currently reviewing your submitted mix.',NULL),(89,9,6,'',1491297945378,'hey',NULL),(90,10,1,'',1491563946186,'COMMENT','C:\\Users\\John\\Desktop\\Github\\MixHub2 - Intellij\\uploads\\7GM7MXO85IY9_themixhubonline_MixHub2 - Intellij.zip'),(91,10,2,'',1491566028564,'Hello, I\'m your mix hub engineer! I am currently reviewing your submitted mix.',NULL),(92,10,2,'',1491566104086,'I\'ve completed the review, it\'s now up to you to decide if you want anything changed or to close the ticket.',NULL),(93,11,13,'',1491566308211,'wegegwewgegwweg','C:\\Users\\John\\Desktop\\Github\\MixHub2 - Intellij\\uploads\\5M9P8YF56WSM_themixhubonline_moneys_idea.txt'),(94,11,2,'',1491566409908,'Hello, I\'m your mix hub engineer! I am currently reviewing your submitted mix.',NULL),(95,6,1,'',1492187076218,'','C:\\Users\\John\\Desktop\\Github\\MixHub2 - Intellij\\uploads\\K024SA4LOGVV_themixhubonline_visualvm.exe'),(96,6,1,'',1492187095610,'','C:\\Users\\John\\Desktop\\Github\\MixHub2 - Intellij\\uploads\\7GDPACA92N7U_themixhubonline_org-netbeans-core-windows.jar'),(97,6,1,'',1492187127115,'','C:\\Users\\John\\Desktop\\Github\\MixHub2 - Intellij\\uploads\\U9GLFHC2LOAY_themixhubonline_chrome.dll'),(98,6,1,'',1492187175472,'',NULL),(99,6,1,'',1492187188123,'eeee',NULL),(100,6,1,'',1492187283447,'ewgweggwewge',NULL),(101,6,1,'',1492187340760,'eee','C:\\Users\\John\\Desktop\\Github\\MixHub2 - Intellij\\uploads\\WJTJDZQQHBZ8_themixhubonline_chrome_child.dll'),(102,6,1,'',1492187344367,'eee','C:\\Users\\John\\Desktop\\Github\\MixHub2 - Intellij\\uploads\\HO2Y2SNFMTGB_themixhubonline_chrome_child.dll'),(103,6,1,'',1492187346298,'eee','C:\\Users\\John\\Desktop\\Github\\MixHub2 - Intellij\\uploads\\WKCMNJJQGO5R_themixhubonline_chrome_child.dll'),(104,12,1,'0:0:0:0:0:0:0:1',1492192939556,'brbe','C:\\Users\\John\\Desktop\\Github\\MixHub2 - Intellij\\uploads\\SVNMD1MONIRX_themixhubonline_chrome_child.dll'),(105,12,1,'0:0:0:0:0:0:0:1',1492192981431,'hreerhrehreherhreherh',NULL),(106,12,2,'0:0:0:0:0:0:0:1',1492193002071,'Hello, I\'m your mix hub engineer! I am currently reviewing your submitted mix.',NULL),(107,13,1,'0:0:0:0:0:0:0:1',1492973842920,'wegpogewkopgewpkoewgkopwegkpo','C:\\Users\\John\\Desktop\\Github\\MixHub2 - Intellij\\uploads\\23MLAQ3G1W0S_themixhubonline_57.0.2987.133.manifest'),(108,14,1,'0:0:0:0:0:0:0:1',1492973958968,'wegpogewkopgewpkoewgkopwegkpo','C:\\Users\\John\\Desktop\\Github\\MixHub2 - Intellij\\uploads\\UGOBTDF4K3BI_themixhubonline_57.0.2987.133.manifest'),(109,15,1,'0:0:0:0:0:0:0:1',1492974001552,'wegpogewkopgewpkoewgkopwegkpo','C:\\Users\\John\\Desktop\\Github\\MixHub2 - Intellij\\uploads\\F8B8RX02FP2U_themixhubonline_57.0.2987.133.manifest'),(110,16,1,'0:0:0:0:0:0:0:1',1492974009525,'ewgwegewewgwegwge','C:\\Users\\John\\Desktop\\Github\\MixHub2 - Intellij\\uploads\\63QP9XOIEIBZ_themixhubonline_57.0.2987.133.manifest'),(111,17,14,'0:0:0:0:0:0:0:1',1492979124461,'wrgewegegwgweweg','C:\\Users\\John\\Desktop\\Github\\MixHub2 - Intellij\\uploads\\OTY6ADHRQUCN_themixhubonline_chrome.dll.sig'),(112,18,14,'0:0:0:0:0:0:0:1',1492979164673,'hrtehrehreher','C:\\Users\\John\\Desktop\\Github\\MixHub2 - Intellij\\uploads\\8EZJGNRPACIU_themixhubonline_chrome.exe.sig'),(113,18,14,'0:0:0:0:0:0:0:1',1492979195008,'ewdagswfeqggewewgewg',NULL),(114,18,14,'0:0:0:0:0:0:0:1',1492979196791,'wegwegewggwe',NULL),(115,18,14,'0:0:0:0:0:0:0:1',1492979206028,'heres my change and let me nickle and dime you','C:\\Users\\John\\Desktop\\Github\\MixHub2 - Intellij\\uploads\\29DCD15A0NFX_themixhubonline_chrome.dll.sig'),(116,19,15,'0:0:0:0:0:0:0:1',1492979944803,'gwegweegwewgweg','C:\\Users\\John\\Desktop\\Github\\MixHub2 - Intellij\\uploads\\22UY6TR80IVF_themixhubonline_chrome.exe.sig'),(117,19,15,'0:0:0:0:0:0:0:1',1492980011336,'',NULL),(118,19,15,'0:0:0:0:0:0:0:1',1492980012720,'',NULL),(119,19,15,'0:0:0:0:0:0:0:1',1492980013589,'',NULL),(120,19,15,'0:0:0:0:0:0:0:1',1492980014856,'',NULL),(121,19,15,'0:0:0:0:0:0:0:1',1492980016308,'',NULL),(122,19,15,'0:0:0:0:0:0:0:1',1492980017418,'',NULL),(123,19,15,'0:0:0:0:0:0:0:1',1492980018464,'',NULL),(124,20,14,'0:0:0:0:0:0:0:1',1492987372432,'rherherhe','C:\\Users\\John\\Desktop\\Github\\MixHub2 - Intellij\\uploads\\T4RF48VA4ZHT_themixhubonline_chrome.exe.sig'),(125,20,14,'0:0:0:0:0:0:0:1',1492987480285,'jtyrnrtyjjytyj75t',NULL);
/*!40000 ALTER TABLE `job_comments` ENABLE KEYS */;
UNLOCK TABLES;

--
-- Table structure for table `jobs`
--

DROP TABLE IF EXISTS `jobs`;
/*!40101 SET @saved_cs_client     = @@character_set_client */;
/*!40101 SET character_set_client = utf8 */;
CREATE TABLE `jobs` (
  `id` int(11) NOT NULL AUTO_INCREMENT,
  `owner_id` int(11) NOT NULL,
  `owner_ip` tinytext NOT NULL,
  `engineer_id` int(11) DEFAULT NULL,
  `title` mediumtext NOT NULL,
  `date` bigint(20) NOT NULL,
  `stage` int(11) NOT NULL DEFAULT '0',
  `anonymous_engineer` int(11) DEFAULT '0',
  `last_activity_date` bigint(20) NOT NULL,
  PRIMARY KEY (`id`)
) ENGINE=InnoDB AUTO_INCREMENT=21 DEFAULT CHARSET=utf8;
/*!40101 SET character_set_client = @saved_cs_client */;

--
-- Dumping data for table `jobs`
--

LOCK TABLES `jobs` WRITE;
/*!40000 ALTER TABLE `jobs` DISABLE KEYS */;
INSERT INTO `jobs` VALUES (1,1,'',7,'ewgwe',1491190463144,1,0,0),(2,6,'',7,'My Shit Song',1491214914968,99,0,0),(3,9,'',7,'Test Job',1491263980176,99,0,0),(4,10,'',7,'aaa',1491271981461,1,1,0),(5,12,'',8,'eg want good shit',1491277235319,1,1,1491297858164),(6,1,'',8,'cool man',1491278901853,2,0,1491294298458),(7,6,'',7,'another shit song',1491279012381,1,0,0),(8,6,'',7,'anotehr one',1491279200782,98,0,0),(9,6,'',8,'rhrehhr',1491293864034,98,1,1491294370848),(10,1,'',2,'TITLE',1491563946186,2,0,1491566104065),(11,13,'',2,'weggweewg',1491566308211,1,1,1491566409867),(12,1,'0:0:0:0:0:0:0:1',2,'rebbreerbreb',1492192939556,1,1,1492193001948),(13,1,'0:0:0:0:0:0:0:1',NULL,'ewogpegwpokwgeopkwgeokp',1492973842920,0,0,1492973842920),(14,1,'0:0:0:0:0:0:0:1',NULL,'ewogpegwpokwgeopkwgeokp',1492973958968,0,0,1492973958968),(15,1,'0:0:0:0:0:0:0:1',NULL,'ewogpegwpokwgeopkwgeokp',1492974001552,0,0,1492974001552),(16,1,'0:0:0:0:0:0:0:1',NULL,'wehgegwgwege',1492974009525,0,0,1492974009525),(17,14,'0:0:0:0:0:0:0:1',NULL,'Johnny Joints Joint',1492979124461,0,0,1492979124461),(18,14,'0:0:0:0:0:0:0:1',NULL,'rtehhrtehrte',1492979164673,0,0,1492979164673),(19,15,'0:0:0:0:0:0:0:1',NULL,'ewgweggew',1492979944803,0,0,1492979944803),(20,14,'0:0:0:0:0:0:0:1',NULL,'rherherehrhe',1492987372432,0,0,1492987372432);
/*!40000 ALTER TABLE `jobs` ENABLE KEYS */;
UNLOCK TABLES;

--
-- Table structure for table `logging_system`
--

DROP TABLE IF EXISTS `logging_system`;
/*!40101 SET @saved_cs_client     = @@character_set_client */;
/*!40101 SET character_set_client = utf8 */;
CREATE TABLE `logging_system` (
  `id` int(11) NOT NULL AUTO_INCREMENT,
  `date` bigint(20) NOT NULL,
  `title` text NOT NULL,
  `description` text NOT NULL,
  PRIMARY KEY (`id`)
) ENGINE=InnoDB AUTO_INCREMENT=15 DEFAULT CHARSET=utf8;
/*!40101 SET character_set_client = @saved_cs_client */;

--
-- Dumping data for table `logging_system`
--

LOCK TABLES `logging_system` WRITE;
/*!40000 ALTER TABLE `logging_system` DISABLE KEYS */;
INSERT INTO `logging_system` VALUES (1,1492985394526,'Not Found (404)','org.jooby.Err: Not Found(404): /css/bootstrap.min.css.map\r\n	at org.jooby.internal.HttpHandlerImpl.lambda$routes$10(HttpHandlerImpl.java:446)\r\n	at org.jooby.internal.FallbackRoute.handle(FallbackRoute.java:113)\r\n	at org.jooby.internal.RouteChain.next(RouteChain.java:77)\r\n	at org.jooby.Route$Chain.next(Route.java:2109)\r\n	at org.jooby.Route$Handler.handle(Route.java:1721)\r\n	at org.jooby.internal.RouteImpl.handle(RouteImpl.java:97)\r\n	at org.jooby.internal.RouteChain.next(RouteChain.java:77)\r\n	at org.jooby.Route$Chain.next(Route.java:2109)\r\n	at org.jooby.internal.HttpHandlerImpl.handle(HttpHandlerImpl.java:312)\r\n	at org.jooby.internal.netty.NettyHandler.channelRead0(NettyHandler.java:91)\r\n	at io.netty.channel.SimpleChannelInboundHandler.channelRead(SimpleChannelInboundHandler.java:105)\r\n	at io.netty.channel.AbstractChannelHandlerContext.invokeChannelRead(AbstractChannelHandlerContext.java:362)\r\n	at io.netty.channel.AbstractChannelHandlerContext.access$600(AbstractChannelHandlerContext.java:38)\r\n	at io.netty.channel.AbstractChannelHandlerContext$7.run(AbstractChannelHandlerContext.java:353)\r\n	at io.netty.util.concurrent.DefaultEventExecutor.run(DefaultEventExecutor.java:66)\r\n	at io.netty.util.concurrent.SingleThreadEventExecutor$5.run(SingleThreadEventExecutor.java:858)\r\n	at io.netty.util.concurrent.DefaultThreadFactory$DefaultRunnableDecorator.run(DefaultThreadFactory.java:144)\r\n	at java.lang.Thread.run(Thread.java:745)\r\n'),(2,1492985396643,'Server Error (500)','org.jooby.Err: Server Error(500)\r\n	at org.jooby.internal.HttpHandlerImpl.handleErr(HttpHandlerImpl.java:405)\r\n	at org.jooby.internal.HttpHandlerImpl.cleanup(HttpHandlerImpl.java:378)\r\n	at org.jooby.internal.HttpHandlerImpl.handle(HttpHandlerImpl.java:320)\r\n	at org.jooby.internal.netty.NettyHandler.channelRead0(NettyHandler.java:91)\r\n	at io.netty.channel.SimpleChannelInboundHandler.channelRead(SimpleChannelInboundHandler.java:105)\r\n	at io.netty.channel.AbstractChannelHandlerContext.invokeChannelRead(AbstractChannelHandlerContext.java:362)\r\n	at io.netty.channel.AbstractChannelHandlerContext.access$600(AbstractChannelHandlerContext.java:38)\r\n	at io.netty.channel.AbstractChannelHandlerContext$7.run(AbstractChannelHandlerContext.java:353)\r\n	at io.netty.util.concurrent.DefaultEventExecutor.run(DefaultEventExecutor.java:66)\r\n	at io.netty.util.concurrent.SingleThreadEventExecutor$5.run(SingleThreadEventExecutor.java:858)\r\n	at io.netty.util.concurrent.DefaultThreadFactory$DefaultRunnableDecorator.run(DefaultThreadFactory.java:144)\r\n	at java.lang.Thread.run(Thread.java:745)\r\nCaused by: java.lang.NullPointerException\r\n	at online.themixhub.demo.utils.LoggingUtil.insertUserLog(LoggingUtil.java:32)\r\n	at online.themixhub.demo.pages.html.Login.getPage(Login.java:256)\r\n	at sun.reflect.NativeMethodAccessorImpl.invoke0(Native Method)\r\n	at sun.reflect.NativeMethodAccessorImpl.invoke(NativeMethodAccessorImpl.java:62)\r\n	at sun.reflect.DelegatingMethodAccessorImpl.invoke(DelegatingMethodAccessorImpl.java:43)\r\n	at java.lang.reflect.Method.invoke(Method.java:498)\r\n	at org.jooby.internal.mvc.MvcHandler.invoke(MvcHandler.java:75)\r\n	at org.jooby.internal.mvc.MvcHandler.handle(MvcHandler.java:53)\r\n	at org.jooby.Route$Handler.handle(Route.java:1720)\r\n	at org.jooby.internal.RouteImpl.handle(RouteImpl.java:97)\r\n	at org.jooby.internal.RouteChain.next(RouteChain.java:77)\r\n	at org.jooby.Route$Chain.next(Route.java:2109)\r\n	at org.jooby.internal.HttpHandlerImpl.handle(HttpHandlerImpl.java:312)\r\n	... 9 more\r\njava.lang.NullPointerException\r\n	at online.themixhub.demo.utils.LoggingUtil.insertUserLog(LoggingUtil.java:32)\r\n	at online.themixhub.demo.pages.html.Login.getPage(Login.java:256)\r\n	at sun.reflect.NativeMethodAccessorImpl.invoke0(Native Method)\r\n	at sun.reflect.NativeMethodAccessorImpl.invoke(NativeMethodAccessorImpl.java:62)\r\n	at sun.reflect.DelegatingMethodAccessorImpl.invoke(DelegatingMethodAccessorImpl.java:43)\r\n	at java.lang.reflect.Method.invoke(Method.java:498)\r\n	at org.jooby.internal.mvc.MvcHandler.invoke(MvcHandler.java:75)\r\n	at org.jooby.internal.mvc.MvcHandler.handle(MvcHandler.java:53)\r\n	at org.jooby.Route$Handler.handle(Route.java:1720)\r\n	at org.jooby.internal.RouteImpl.handle(RouteImpl.java:97)\r\n	at org.jooby.internal.RouteChain.next(RouteChain.java:77)\r\n	at org.jooby.Route$Chain.next(Route.java:2109)\r\n	at org.jooby.internal.HttpHandlerImpl.handle(HttpHandlerImpl.java:312)\r\n	at org.jooby.internal.netty.NettyHandler.channelRead0(NettyHandler.java:91)\r\n	at io.netty.channel.SimpleChannelInboundHandler.channelRead(SimpleChannelInboundHandler.java:105)\r\n	at io.netty.channel.AbstractChannelHandlerContext.invokeChannelRead(AbstractChannelHandlerContext.java:362)\r\n	at io.netty.channel.AbstractChannelHandlerContext.access$600(AbstractChannelHandlerContext.java:38)\r\n	at io.netty.channel.AbstractChannelHandlerContext$7.run(AbstractChannelHandlerContext.java:353)\r\n	at io.netty.util.concurrent.DefaultEventExecutor.run(DefaultEventExecutor.java:66)\r\n	at io.netty.util.concurrent.SingleThreadEventExecutor$5.run(SingleThreadEventExecutor.java:858)\r\n	at io.netty.util.concurrent.DefaultThreadFactory$DefaultRunnableDecorator.run(DefaultThreadFactory.java:144)\r\n	at java.lang.Thread.run(Thread.java:745)\r\n'),(3,1492985460356,'Server Error (500)','org.jooby.Err: Server Error(500)\r\n	at org.jooby.internal.HttpHandlerImpl.handleErr(HttpHandlerImpl.java:405)\r\n	at org.jooby.internal.HttpHandlerImpl.cleanup(HttpHandlerImpl.java:378)\r\n	at org.jooby.internal.HttpHandlerImpl.handle(HttpHandlerImpl.java:320)\r\n	at org.jooby.internal.netty.NettyHandler.channelRead0(NettyHandler.java:91)\r\n	at io.netty.channel.SimpleChannelInboundHandler.channelRead(SimpleChannelInboundHandler.java:105)\r\n	at io.netty.channel.AbstractChannelHandlerContext.invokeChannelRead(AbstractChannelHandlerContext.java:362)\r\n	at io.netty.channel.AbstractChannelHandlerContext.access$600(AbstractChannelHandlerContext.java:38)\r\n	at io.netty.channel.AbstractChannelHandlerContext$7.run(AbstractChannelHandlerContext.java:353)\r\n	at io.netty.util.concurrent.DefaultEventExecutor.run(DefaultEventExecutor.java:66)\r\n	at io.netty.util.concurrent.SingleThreadEventExecutor$5.run(SingleThreadEventExecutor.java:858)\r\n	at io.netty.util.concurrent.DefaultThreadFactory$DefaultRunnableDecorator.run(DefaultThreadFactory.java:144)\r\n	at java.lang.Thread.run(Thread.java:745)\r\nCaused by: java.lang.NullPointerException\r\n	at online.themixhub.demo.utils.LoggingUtil.insertUserLog(LoggingUtil.java:31)\r\n	at online.themixhub.demo.pages.html.Login.getPage(Login.java:256)\r\n	at sun.reflect.NativeMethodAccessorImpl.invoke0(Native Method)\r\n	at sun.reflect.NativeMethodAccessorImpl.invoke(NativeMethodAccessorImpl.java:62)\r\n	at sun.reflect.DelegatingMethodAccessorImpl.invoke(DelegatingMethodAccessorImpl.java:43)\r\n	at java.lang.reflect.Method.invoke(Method.java:498)\r\n	at org.jooby.internal.mvc.MvcHandler.invoke(MvcHandler.java:75)\r\n	at org.jooby.internal.mvc.MvcHandler.handle(MvcHandler.java:53)\r\n	at org.jooby.Route$Handler.handle(Route.java:1720)\r\n	at org.jooby.internal.RouteImpl.handle(RouteImpl.java:97)\r\n	at org.jooby.internal.RouteChain.next(RouteChain.java:77)\r\n	at org.jooby.Route$Chain.next(Route.java:2109)\r\n	at org.jooby.internal.HttpHandlerImpl.handle(HttpHandlerImpl.java:312)\r\n	... 9 more\r\njava.lang.NullPointerException\r\n	at online.themixhub.demo.utils.LoggingUtil.insertUserLog(LoggingUtil.java:31)\r\n	at online.themixhub.demo.pages.html.Login.getPage(Login.java:256)\r\n	at sun.reflect.NativeMethodAccessorImpl.invoke0(Native Method)\r\n	at sun.reflect.NativeMethodAccessorImpl.invoke(NativeMethodAccessorImpl.java:62)\r\n	at sun.reflect.DelegatingMethodAccessorImpl.invoke(DelegatingMethodAccessorImpl.java:43)\r\n	at java.lang.reflect.Method.invoke(Method.java:498)\r\n	at org.jooby.internal.mvc.MvcHandler.invoke(MvcHandler.java:75)\r\n	at org.jooby.internal.mvc.MvcHandler.handle(MvcHandler.java:53)\r\n	at org.jooby.Route$Handler.handle(Route.java:1720)\r\n	at org.jooby.internal.RouteImpl.handle(RouteImpl.java:97)\r\n	at org.jooby.internal.RouteChain.next(RouteChain.java:77)\r\n	at org.jooby.Route$Chain.next(Route.java:2109)\r\n	at org.jooby.internal.HttpHandlerImpl.handle(HttpHandlerImpl.java:312)\r\n	at org.jooby.internal.netty.NettyHandler.channelRead0(NettyHandler.java:91)\r\n	at io.netty.channel.SimpleChannelInboundHandler.channelRead(SimpleChannelInboundHandler.java:105)\r\n	at io.netty.channel.AbstractChannelHandlerContext.invokeChannelRead(AbstractChannelHandlerContext.java:362)\r\n	at io.netty.channel.AbstractChannelHandlerContext.access$600(AbstractChannelHandlerContext.java:38)\r\n	at io.netty.channel.AbstractChannelHandlerContext$7.run(AbstractChannelHandlerContext.java:353)\r\n	at io.netty.util.concurrent.DefaultEventExecutor.run(DefaultEventExecutor.java:66)\r\n	at io.netty.util.concurrent.SingleThreadEventExecutor$5.run(SingleThreadEventExecutor.java:858)\r\n	at io.netty.util.concurrent.DefaultThreadFactory$DefaultRunnableDecorator.run(DefaultThreadFactory.java:144)\r\n	at java.lang.Thread.run(Thread.java:745)\r\n'),(4,1492985462169,'Not Found (404)','org.jooby.Err: Not Found(404): /css/bootstrap.min.css.map\r\n	at org.jooby.internal.HttpHandlerImpl.lambda$routes$10(HttpHandlerImpl.java:446)\r\n	at org.jooby.internal.FallbackRoute.handle(FallbackRoute.java:113)\r\n	at org.jooby.internal.RouteChain.next(RouteChain.java:77)\r\n	at org.jooby.Route$Chain.next(Route.java:2109)\r\n	at org.jooby.Route$Handler.handle(Route.java:1721)\r\n	at org.jooby.internal.RouteImpl.handle(RouteImpl.java:97)\r\n	at org.jooby.internal.RouteChain.next(RouteChain.java:77)\r\n	at org.jooby.Route$Chain.next(Route.java:2109)\r\n	at org.jooby.internal.HttpHandlerImpl.handle(HttpHandlerImpl.java:312)\r\n	at org.jooby.internal.netty.NettyHandler.channelRead0(NettyHandler.java:91)\r\n	at io.netty.channel.SimpleChannelInboundHandler.channelRead(SimpleChannelInboundHandler.java:105)\r\n	at io.netty.channel.AbstractChannelHandlerContext.invokeChannelRead(AbstractChannelHandlerContext.java:362)\r\n	at io.netty.channel.AbstractChannelHandlerContext.access$600(AbstractChannelHandlerContext.java:38)\r\n	at io.netty.channel.AbstractChannelHandlerContext$7.run(AbstractChannelHandlerContext.java:353)\r\n	at io.netty.util.concurrent.DefaultEventExecutor.run(DefaultEventExecutor.java:66)\r\n	at io.netty.util.concurrent.SingleThreadEventExecutor$5.run(SingleThreadEventExecutor.java:858)\r\n	at io.netty.util.concurrent.DefaultThreadFactory$DefaultRunnableDecorator.run(DefaultThreadFactory.java:144)\r\n	at java.lang.Thread.run(Thread.java:745)\r\n'),(5,1492985463091,'Server Error (500)','org.jooby.Err: Server Error(500)\r\n	at org.jooby.internal.HttpHandlerImpl.handleErr(HttpHandlerImpl.java:405)\r\n	at org.jooby.internal.HttpHandlerImpl.cleanup(HttpHandlerImpl.java:378)\r\n	at org.jooby.internal.HttpHandlerImpl.handle(HttpHandlerImpl.java:320)\r\n	at org.jooby.internal.netty.NettyHandler.channelRead0(NettyHandler.java:91)\r\n	at io.netty.channel.SimpleChannelInboundHandler.channelRead(SimpleChannelInboundHandler.java:105)\r\n	at io.netty.channel.AbstractChannelHandlerContext.invokeChannelRead(AbstractChannelHandlerContext.java:362)\r\n	at io.netty.channel.AbstractChannelHandlerContext.access$600(AbstractChannelHandlerContext.java:38)\r\n	at io.netty.channel.AbstractChannelHandlerContext$7.run(AbstractChannelHandlerContext.java:353)\r\n	at io.netty.util.concurrent.DefaultEventExecutor.run(DefaultEventExecutor.java:66)\r\n	at io.netty.util.concurrent.SingleThreadEventExecutor$5.run(SingleThreadEventExecutor.java:858)\r\n	at io.netty.util.concurrent.DefaultThreadFactory$DefaultRunnableDecorator.run(DefaultThreadFactory.java:144)\r\n	at java.lang.Thread.run(Thread.java:745)\r\nCaused by: java.lang.NullPointerException\r\n	at online.themixhub.demo.utils.LoggingUtil.insertUserLog(LoggingUtil.java:31)\r\n	at online.themixhub.demo.pages.html.Login.getPage(Login.java:256)\r\n	at sun.reflect.NativeMethodAccessorImpl.invoke0(Native Method)\r\n	at sun.reflect.NativeMethodAccessorImpl.invoke(NativeMethodAccessorImpl.java:62)\r\n	at sun.reflect.DelegatingMethodAccessorImpl.invoke(DelegatingMethodAccessorImpl.java:43)\r\n	at java.lang.reflect.Method.invoke(Method.java:498)\r\n	at org.jooby.internal.mvc.MvcHandler.invoke(MvcHandler.java:75)\r\n	at org.jooby.internal.mvc.MvcHandler.handle(MvcHandler.java:53)\r\n	at org.jooby.Route$Handler.handle(Route.java:1720)\r\n	at org.jooby.internal.RouteImpl.handle(RouteImpl.java:97)\r\n	at org.jooby.internal.RouteChain.next(RouteChain.java:77)\r\n	at org.jooby.Route$Chain.next(Route.java:2109)\r\n	at org.jooby.internal.HttpHandlerImpl.handle(HttpHandlerImpl.java:312)\r\n	... 9 more\r\njava.lang.NullPointerException\r\n	at online.themixhub.demo.utils.LoggingUtil.insertUserLog(LoggingUtil.java:31)\r\n	at online.themixhub.demo.pages.html.Login.getPage(Login.java:256)\r\n	at sun.reflect.NativeMethodAccessorImpl.invoke0(Native Method)\r\n	at sun.reflect.NativeMethodAccessorImpl.invoke(NativeMethodAccessorImpl.java:62)\r\n	at sun.reflect.DelegatingMethodAccessorImpl.invoke(DelegatingMethodAccessorImpl.java:43)\r\n	at java.lang.reflect.Method.invoke(Method.java:498)\r\n	at org.jooby.internal.mvc.MvcHandler.invoke(MvcHandler.java:75)\r\n	at org.jooby.internal.mvc.MvcHandler.handle(MvcHandler.java:53)\r\n	at org.jooby.Route$Handler.handle(Route.java:1720)\r\n	at org.jooby.internal.RouteImpl.handle(RouteImpl.java:97)\r\n	at org.jooby.internal.RouteChain.next(RouteChain.java:77)\r\n	at org.jooby.Route$Chain.next(Route.java:2109)\r\n	at org.jooby.internal.HttpHandlerImpl.handle(HttpHandlerImpl.java:312)\r\n	at org.jooby.internal.netty.NettyHandler.channelRead0(NettyHandler.java:91)\r\n	at io.netty.channel.SimpleChannelInboundHandler.channelRead(SimpleChannelInboundHandler.java:105)\r\n	at io.netty.channel.AbstractChannelHandlerContext.invokeChannelRead(AbstractChannelHandlerContext.java:362)\r\n	at io.netty.channel.AbstractChannelHandlerContext.access$600(AbstractChannelHandlerContext.java:38)\r\n	at io.netty.channel.AbstractChannelHandlerContext$7.run(AbstractChannelHandlerContext.java:353)\r\n	at io.netty.util.concurrent.DefaultEventExecutor.run(DefaultEventExecutor.java:66)\r\n	at io.netty.util.concurrent.SingleThreadEventExecutor$5.run(SingleThreadEventExecutor.java:858)\r\n	at io.netty.util.concurrent.DefaultThreadFactory$DefaultRunnableDecorator.run(DefaultThreadFactory.java:144)\r\n	at java.lang.Thread.run(Thread.java:745)\r\n'),(6,1492985558090,'Server Error (500)','org.jooby.Err: Server Error(500)\r\n	at org.jooby.internal.HttpHandlerImpl.handleErr(HttpHandlerImpl.java:405)\r\n	at org.jooby.internal.HttpHandlerImpl.cleanup(HttpHandlerImpl.java:378)\r\n	at org.jooby.internal.HttpHandlerImpl.handle(HttpHandlerImpl.java:320)\r\n	at org.jooby.internal.netty.NettyHandler.channelRead0(NettyHandler.java:91)\r\n	at io.netty.channel.SimpleChannelInboundHandler.channelRead(SimpleChannelInboundHandler.java:105)\r\n	at io.netty.channel.AbstractChannelHandlerContext.invokeChannelRead(AbstractChannelHandlerContext.java:362)\r\n	at io.netty.channel.AbstractChannelHandlerContext.access$600(AbstractChannelHandlerContext.java:38)\r\n	at io.netty.channel.AbstractChannelHandlerContext$7.run(AbstractChannelHandlerContext.java:353)\r\n	at io.netty.util.concurrent.DefaultEventExecutor.run(DefaultEventExecutor.java:66)\r\n	at io.netty.util.concurrent.SingleThreadEventExecutor$5.run(SingleThreadEventExecutor.java:858)\r\n	at io.netty.util.concurrent.DefaultThreadFactory$DefaultRunnableDecorator.run(DefaultThreadFactory.java:144)\r\n	at java.lang.Thread.run(Thread.java:745)\r\nCaused by: java.lang.NullPointerException\r\n	at online.themixhub.demo.utils.LoggingUtil.insertUserLog(LoggingUtil.java:34)\r\n	at online.themixhub.demo.pages.html.Login.getPage(Login.java:256)\r\n	at sun.reflect.NativeMethodAccessorImpl.invoke0(Native Method)\r\n	at sun.reflect.NativeMethodAccessorImpl.invoke(NativeMethodAccessorImpl.java:62)\r\n	at sun.reflect.DelegatingMethodAccessorImpl.invoke(DelegatingMethodAccessorImpl.java:43)\r\n	at java.lang.reflect.Method.invoke(Method.java:498)\r\n	at org.jooby.internal.mvc.MvcHandler.invoke(MvcHandler.java:75)\r\n	at org.jooby.internal.mvc.MvcHandler.handle(MvcHandler.java:53)\r\n	at org.jooby.Route$Handler.handle(Route.java:1720)\r\n	at org.jooby.internal.RouteImpl.handle(RouteImpl.java:97)\r\n	at org.jooby.internal.RouteChain.next(RouteChain.java:77)\r\n	at org.jooby.Route$Chain.next(Route.java:2109)\r\n	at org.jooby.internal.HttpHandlerImpl.handle(HttpHandlerImpl.java:312)\r\n	... 9 more\r\njava.lang.NullPointerException\r\n	at online.themixhub.demo.utils.LoggingUtil.insertUserLog(LoggingUtil.java:34)\r\n	at online.themixhub.demo.pages.html.Login.getPage(Login.java:256)\r\n	at sun.reflect.NativeMethodAccessorImpl.invoke0(Native Method)\r\n	at sun.reflect.NativeMethodAccessorImpl.invoke(NativeMethodAccessorImpl.java:62)\r\n	at sun.reflect.DelegatingMethodAccessorImpl.invoke(DelegatingMethodAccessorImpl.java:43)\r\n	at java.lang.reflect.Method.invoke(Method.java:498)\r\n	at org.jooby.internal.mvc.MvcHandler.invoke(MvcHandler.java:75)\r\n	at org.jooby.internal.mvc.MvcHandler.handle(MvcHandler.java:53)\r\n	at org.jooby.Route$Handler.handle(Route.java:1720)\r\n	at org.jooby.internal.RouteImpl.handle(RouteImpl.java:97)\r\n	at org.jooby.internal.RouteChain.next(RouteChain.java:77)\r\n	at org.jooby.Route$Chain.next(Route.java:2109)\r\n	at org.jooby.internal.HttpHandlerImpl.handle(HttpHandlerImpl.java:312)\r\n	at org.jooby.internal.netty.NettyHandler.channelRead0(NettyHandler.java:91)\r\n	at io.netty.channel.SimpleChannelInboundHandler.channelRead(SimpleChannelInboundHandler.java:105)\r\n	at io.netty.channel.AbstractChannelHandlerContext.invokeChannelRead(AbstractChannelHandlerContext.java:362)\r\n	at io.netty.channel.AbstractChannelHandlerContext.access$600(AbstractChannelHandlerContext.java:38)\r\n	at io.netty.channel.AbstractChannelHandlerContext$7.run(AbstractChannelHandlerContext.java:353)\r\n	at io.netty.util.concurrent.DefaultEventExecutor.run(DefaultEventExecutor.java:66)\r\n	at io.netty.util.concurrent.SingleThreadEventExecutor$5.run(SingleThreadEventExecutor.java:858)\r\n	at io.netty.util.concurrent.DefaultThreadFactory$DefaultRunnableDecorator.run(DefaultThreadFactory.java:144)\r\n	at java.lang.Thread.run(Thread.java:745)\r\n'),(7,1492985560300,'Server Error (500)','org.jooby.Err: Server Error(500)\r\n	at org.jooby.internal.HttpHandlerImpl.handleErr(HttpHandlerImpl.java:405)\r\n	at org.jooby.internal.HttpHandlerImpl.cleanup(HttpHandlerImpl.java:378)\r\n	at org.jooby.internal.HttpHandlerImpl.handle(HttpHandlerImpl.java:320)\r\n	at org.jooby.internal.netty.NettyHandler.channelRead0(NettyHandler.java:91)\r\n	at io.netty.channel.SimpleChannelInboundHandler.channelRead(SimpleChannelInboundHandler.java:105)\r\n	at io.netty.channel.AbstractChannelHandlerContext.invokeChannelRead(AbstractChannelHandlerContext.java:362)\r\n	at io.netty.channel.AbstractChannelHandlerContext.access$600(AbstractChannelHandlerContext.java:38)\r\n	at io.netty.channel.AbstractChannelHandlerContext$7.run(AbstractChannelHandlerContext.java:353)\r\n	at io.netty.util.concurrent.DefaultEventExecutor.run(DefaultEventExecutor.java:66)\r\n	at io.netty.util.concurrent.SingleThreadEventExecutor$5.run(SingleThreadEventExecutor.java:858)\r\n	at io.netty.util.concurrent.DefaultThreadFactory$DefaultRunnableDecorator.run(DefaultThreadFactory.java:144)\r\n	at java.lang.Thread.run(Thread.java:745)\r\nCaused by: java.lang.NullPointerException\r\n	at online.themixhub.demo.utils.LoggingUtil.insertUserLog(LoggingUtil.java:34)\r\n	at online.themixhub.demo.pages.html.Login.getPage(Login.java:256)\r\n	at sun.reflect.NativeMethodAccessorImpl.invoke0(Native Method)\r\n	at sun.reflect.NativeMethodAccessorImpl.invoke(NativeMethodAccessorImpl.java:62)\r\n	at sun.reflect.DelegatingMethodAccessorImpl.invoke(DelegatingMethodAccessorImpl.java:43)\r\n	at java.lang.reflect.Method.invoke(Method.java:498)\r\n	at org.jooby.internal.mvc.MvcHandler.invoke(MvcHandler.java:75)\r\n	at org.jooby.internal.mvc.MvcHandler.handle(MvcHandler.java:53)\r\n	at org.jooby.Route$Handler.handle(Route.java:1720)\r\n	at org.jooby.internal.RouteImpl.handle(RouteImpl.java:97)\r\n	at org.jooby.internal.RouteChain.next(RouteChain.java:77)\r\n	at org.jooby.Route$Chain.next(Route.java:2109)\r\n	at org.jooby.internal.HttpHandlerImpl.handle(HttpHandlerImpl.java:312)\r\n	... 9 more\r\njava.lang.NullPointerException\r\n	at online.themixhub.demo.utils.LoggingUtil.insertUserLog(LoggingUtil.java:34)\r\n	at online.themixhub.demo.pages.html.Login.getPage(Login.java:256)\r\n	at sun.reflect.NativeMethodAccessorImpl.invoke0(Native Method)\r\n	at sun.reflect.NativeMethodAccessorImpl.invoke(NativeMethodAccessorImpl.java:62)\r\n	at sun.reflect.DelegatingMethodAccessorImpl.invoke(DelegatingMethodAccessorImpl.java:43)\r\n	at java.lang.reflect.Method.invoke(Method.java:498)\r\n	at org.jooby.internal.mvc.MvcHandler.invoke(MvcHandler.java:75)\r\n	at org.jooby.internal.mvc.MvcHandler.handle(MvcHandler.java:53)\r\n	at org.jooby.Route$Handler.handle(Route.java:1720)\r\n	at org.jooby.internal.RouteImpl.handle(RouteImpl.java:97)\r\n	at org.jooby.internal.RouteChain.next(RouteChain.java:77)\r\n	at org.jooby.Route$Chain.next(Route.java:2109)\r\n	at org.jooby.internal.HttpHandlerImpl.handle(HttpHandlerImpl.java:312)\r\n	at org.jooby.internal.netty.NettyHandler.channelRead0(NettyHandler.java:91)\r\n	at io.netty.channel.SimpleChannelInboundHandler.channelRead(SimpleChannelInboundHandler.java:105)\r\n	at io.netty.channel.AbstractChannelHandlerContext.invokeChannelRead(AbstractChannelHandlerContext.java:362)\r\n	at io.netty.channel.AbstractChannelHandlerContext.access$600(AbstractChannelHandlerContext.java:38)\r\n	at io.netty.channel.AbstractChannelHandlerContext$7.run(AbstractChannelHandlerContext.java:353)\r\n	at io.netty.util.concurrent.DefaultEventExecutor.run(DefaultEventExecutor.java:66)\r\n	at io.netty.util.concurrent.SingleThreadEventExecutor$5.run(SingleThreadEventExecutor.java:858)\r\n	at io.netty.util.concurrent.DefaultThreadFactory$DefaultRunnableDecorator.run(DefaultThreadFactory.java:144)\r\n	at java.lang.Thread.run(Thread.java:745)\r\n'),(8,1492985563120,'Not Found (404)','org.jooby.Err: Not Found(404): /css/bootstrap.min.css.map\r\n	at org.jooby.internal.HttpHandlerImpl.lambda$routes$10(HttpHandlerImpl.java:446)\r\n	at org.jooby.internal.FallbackRoute.handle(FallbackRoute.java:113)\r\n	at org.jooby.internal.RouteChain.next(RouteChain.java:77)\r\n	at org.jooby.Route$Chain.next(Route.java:2109)\r\n	at org.jooby.Route$Handler.handle(Route.java:1721)\r\n	at org.jooby.internal.RouteImpl.handle(RouteImpl.java:97)\r\n	at org.jooby.internal.RouteChain.next(RouteChain.java:77)\r\n	at org.jooby.Route$Chain.next(Route.java:2109)\r\n	at org.jooby.internal.HttpHandlerImpl.handle(HttpHandlerImpl.java:312)\r\n	at org.jooby.internal.netty.NettyHandler.channelRead0(NettyHandler.java:91)\r\n	at io.netty.channel.SimpleChannelInboundHandler.channelRead(SimpleChannelInboundHandler.java:105)\r\n	at io.netty.channel.AbstractChannelHandlerContext.invokeChannelRead(AbstractChannelHandlerContext.java:362)\r\n	at io.netty.channel.AbstractChannelHandlerContext.access$600(AbstractChannelHandlerContext.java:38)\r\n	at io.netty.channel.AbstractChannelHandlerContext$7.run(AbstractChannelHandlerContext.java:353)\r\n	at io.netty.util.concurrent.DefaultEventExecutor.run(DefaultEventExecutor.java:66)\r\n	at io.netty.util.concurrent.SingleThreadEventExecutor$5.run(SingleThreadEventExecutor.java:858)\r\n	at io.netty.util.concurrent.DefaultThreadFactory$DefaultRunnableDecorator.run(DefaultThreadFactory.java:144)\r\n	at java.lang.Thread.run(Thread.java:745)\r\n'),(9,1492985564211,'Server Error (500)','org.jooby.Err: Server Error(500)\r\n	at org.jooby.internal.HttpHandlerImpl.handleErr(HttpHandlerImpl.java:405)\r\n	at org.jooby.internal.HttpHandlerImpl.cleanup(HttpHandlerImpl.java:378)\r\n	at org.jooby.internal.HttpHandlerImpl.handle(HttpHandlerImpl.java:320)\r\n	at org.jooby.internal.netty.NettyHandler.channelRead0(NettyHandler.java:91)\r\n	at io.netty.channel.SimpleChannelInboundHandler.channelRead(SimpleChannelInboundHandler.java:105)\r\n	at io.netty.channel.AbstractChannelHandlerContext.invokeChannelRead(AbstractChannelHandlerContext.java:362)\r\n	at io.netty.channel.AbstractChannelHandlerContext.access$600(AbstractChannelHandlerContext.java:38)\r\n	at io.netty.channel.AbstractChannelHandlerContext$7.run(AbstractChannelHandlerContext.java:353)\r\n	at io.netty.util.concurrent.DefaultEventExecutor.run(DefaultEventExecutor.java:66)\r\n	at io.netty.util.concurrent.SingleThreadEventExecutor$5.run(SingleThreadEventExecutor.java:858)\r\n	at io.netty.util.concurrent.DefaultThreadFactory$DefaultRunnableDecorator.run(DefaultThreadFactory.java:144)\r\n	at java.lang.Thread.run(Thread.java:745)\r\nCaused by: java.lang.NullPointerException\r\n	at online.themixhub.demo.utils.LoggingUtil.insertUserLog(LoggingUtil.java:34)\r\n	at online.themixhub.demo.pages.html.Login.getPage(Login.java:256)\r\n	at sun.reflect.NativeMethodAccessorImpl.invoke0(Native Method)\r\n	at sun.reflect.NativeMethodAccessorImpl.invoke(NativeMethodAccessorImpl.java:62)\r\n	at sun.reflect.DelegatingMethodAccessorImpl.invoke(DelegatingMethodAccessorImpl.java:43)\r\n	at java.lang.reflect.Method.invoke(Method.java:498)\r\n	at org.jooby.internal.mvc.MvcHandler.invoke(MvcHandler.java:75)\r\n	at org.jooby.internal.mvc.MvcHandler.handle(MvcHandler.java:53)\r\n	at org.jooby.Route$Handler.handle(Route.java:1720)\r\n	at org.jooby.internal.RouteImpl.handle(RouteImpl.java:97)\r\n	at org.jooby.internal.RouteChain.next(RouteChain.java:77)\r\n	at org.jooby.Route$Chain.next(Route.java:2109)\r\n	at org.jooby.internal.HttpHandlerImpl.handle(HttpHandlerImpl.java:312)\r\n	... 9 more\r\njava.lang.NullPointerException\r\n	at online.themixhub.demo.utils.LoggingUtil.insertUserLog(LoggingUtil.java:34)\r\n	at online.themixhub.demo.pages.html.Login.getPage(Login.java:256)\r\n	at sun.reflect.NativeMethodAccessorImpl.invoke0(Native Method)\r\n	at sun.reflect.NativeMethodAccessorImpl.invoke(NativeMethodAccessorImpl.java:62)\r\n	at sun.reflect.DelegatingMethodAccessorImpl.invoke(DelegatingMethodAccessorImpl.java:43)\r\n	at java.lang.reflect.Method.invoke(Method.java:498)\r\n	at org.jooby.internal.mvc.MvcHandler.invoke(MvcHandler.java:75)\r\n	at org.jooby.internal.mvc.MvcHandler.handle(MvcHandler.java:53)\r\n	at org.jooby.Route$Handler.handle(Route.java:1720)\r\n	at org.jooby.internal.RouteImpl.handle(RouteImpl.java:97)\r\n	at org.jooby.internal.RouteChain.next(RouteChain.java:77)\r\n	at org.jooby.Route$Chain.next(Route.java:2109)\r\n	at org.jooby.internal.HttpHandlerImpl.handle(HttpHandlerImpl.java:312)\r\n	at org.jooby.internal.netty.NettyHandler.channelRead0(NettyHandler.java:91)\r\n	at io.netty.channel.SimpleChannelInboundHandler.channelRead(SimpleChannelInboundHandler.java:105)\r\n	at io.netty.channel.AbstractChannelHandlerContext.invokeChannelRead(AbstractChannelHandlerContext.java:362)\r\n	at io.netty.channel.AbstractChannelHandlerContext.access$600(AbstractChannelHandlerContext.java:38)\r\n	at io.netty.channel.AbstractChannelHandlerContext$7.run(AbstractChannelHandlerContext.java:353)\r\n	at io.netty.util.concurrent.DefaultEventExecutor.run(DefaultEventExecutor.java:66)\r\n	at io.netty.util.concurrent.SingleThreadEventExecutor$5.run(SingleThreadEventExecutor.java:858)\r\n	at io.netty.util.concurrent.DefaultThreadFactory$DefaultRunnableDecorator.run(DefaultThreadFactory.java:144)\r\n	at java.lang.Thread.run(Thread.java:745)\r\n'),(10,1492985623528,'Server Error (500)','org.jooby.Err: Server Error(500)\r\n	at org.jooby.internal.HttpHandlerImpl.handleErr(HttpHandlerImpl.java:405)\r\n	at org.jooby.internal.HttpHandlerImpl.cleanup(HttpHandlerImpl.java:378)\r\n	at org.jooby.internal.HttpHandlerImpl.handle(HttpHandlerImpl.java:320)\r\n	at org.jooby.internal.netty.NettyHandler.channelRead0(NettyHandler.java:91)\r\n	at io.netty.channel.SimpleChannelInboundHandler.channelRead(SimpleChannelInboundHandler.java:105)\r\n	at io.netty.channel.AbstractChannelHandlerContext.invokeChannelRead(AbstractChannelHandlerContext.java:362)\r\n	at io.netty.channel.AbstractChannelHandlerContext.access$600(AbstractChannelHandlerContext.java:38)\r\n	at io.netty.channel.AbstractChannelHandlerContext$7.run(AbstractChannelHandlerContext.java:353)\r\n	at io.netty.util.concurrent.DefaultEventExecutor.run(DefaultEventExecutor.java:66)\r\n	at io.netty.util.concurrent.SingleThreadEventExecutor$5.run(SingleThreadEventExecutor.java:858)\r\n	at io.netty.util.concurrent.DefaultThreadFactory$DefaultRunnableDecorator.run(DefaultThreadFactory.java:144)\r\n	at java.lang.Thread.run(Thread.java:745)\r\nCaused by: org.springframework.jdbc.BadSqlGrammarException: PreparedStatementCallback; bad SQL grammar [INSERT INTO logging_system (date, title, description, owner_id, owner_ip, owner_useragent, owner_referrer) values (?, ?, ?, ?, ?, ?, ?)]; nested exception is com.mysql.jdbc.exceptions.jdbc4.MySQLSyntaxErrorException: Unknown column \'owner_id\' in \'field list\'\r\n	at org.springframework.jdbc.support.SQLErrorCodeSQLExceptionTranslator.doTranslate(SQLErrorCodeSQLExceptionTranslator.java:231)\r\n	at org.springframework.jdbc.support.AbstractFallbackSQLExceptionTranslator.translate(AbstractFallbackSQLExceptionTranslator.java:73)\r\n	at org.springframework.jdbc.core.JdbcTemplate.execute(JdbcTemplate.java:649)\r\n	at org.springframework.jdbc.core.JdbcTemplate.update(JdbcTemplate.java:870)\r\n	at org.springframework.jdbc.core.JdbcTemplate.update(JdbcTemplate.java:931)\r\n	at org.springframework.jdbc.core.JdbcTemplate.update(JdbcTemplate.java:941)\r\n	at online.themixhub.demo.sql.impl.Logging_UserSQL.insert(Logging_UserSQL.java:39)\r\n	at online.themixhub.demo.utils.LoggingUtil.insertUserLog(LoggingUtil.java:33)\r\n	at online.themixhub.demo.pages.html.Login.getPage(Login.java:256)\r\n	at sun.reflect.NativeMethodAccessorImpl.invoke0(Native Method)\r\n	at sun.reflect.NativeMethodAccessorImpl.invoke(NativeMethodAccessorImpl.java:62)\r\n	at sun.reflect.DelegatingMethodAccessorImpl.invoke(DelegatingMethodAccessorImpl.java:43)\r\n	at java.lang.reflect.Method.invoke(Method.java:498)\r\n	at org.jooby.internal.mvc.MvcHandler.invoke(MvcHandler.java:75)\r\n	at org.jooby.internal.mvc.MvcHandler.handle(MvcHandler.java:53)\r\n	at org.jooby.Route$Handler.handle(Route.java:1720)\r\n	at org.jooby.internal.RouteImpl.handle(RouteImpl.java:97)\r\n	at org.jooby.internal.RouteChain.next(RouteChain.java:77)\r\n	at org.jooby.Route$Chain.next(Route.java:2109)\r\n	at org.jooby.internal.HttpHandlerImpl.handle(HttpHandlerImpl.java:312)\r\n	... 9 more\r\nCaused by: com.mysql.jdbc.exceptions.jdbc4.MySQLSyntaxErrorException: Unknown column \'owner_id\' in \'field list\'\r\n	at sun.reflect.NativeConstructorAccessorImpl.newInstance0(Native Method)\r\n	at sun.reflect.NativeConstructorAccessorImpl.newInstance(NativeConstructorAccessorImpl.java:62)\r\n	at sun.reflect.DelegatingConstructorAccessorImpl.newInstance(DelegatingConstructorAccessorImpl.java:45)\r\n	at java.lang.reflect.Constructor.newInstance(Constructor.java:423)\r\n	at com.mysql.jdbc.Util.handleNewInstance(Util.java:404)\r\n	at com.mysql.jdbc.Util.getInstance(Util.java:387)\r\n	at com.mysql.jdbc.SQLError.createSQLException(SQLError.java:939)\r\n	at com.mysql.jdbc.MysqlIO.checkErrorPacket(MysqlIO.java:3878)\r\n	at com.mysql.jdbc.MysqlIO.checkErrorPacket(MysqlIO.java:3814)\r\n	at com.mysql.jdbc.MysqlIO.sendCommand(MysqlIO.java:2478)\r\n	at com.mysql.jdbc.MysqlIO.sqlQueryDirect(MysqlIO.java:2625)\r\n	at com.mysql.jdbc.ConnectionImpl.execSQL(ConnectionImpl.java:2551)\r\n	at com.mysql.jdbc.PreparedStatement.executeInternal(PreparedStatement.java:1861)\r\n	at com.mysql.jdbc.PreparedStatement.executeUpdateInternal(PreparedStatement.java:2073)\r\n	at com.mysql.jdbc.PreparedStatement.executeUpdateInternal(PreparedStatement.java:2009)\r\n	at com.mysql.jdbc.PreparedStatement.executeLargeUpdate(PreparedStatement.java:5094)\r\n	at com.mysql.jdbc.PreparedStatement.executeUpdate(PreparedStatement.java:1994)\r\n	at com.zaxxer.hikari.pool.ProxyPreparedStatement.executeUpdate(ProxyPreparedStatement.java:61)\r\n	at com.zaxxer.hikari.pool.HikariProxyPreparedStatement.executeUpdate(HikariProxyPreparedStatement.java)\r\n	at org.springframework.jdbc.core.JdbcTemplate$2.doInPreparedStatement(JdbcTemplate.java:877)\r\n	at org.springframework.jdbc.core.JdbcTemplate$2.doInPreparedStatement(JdbcTemplate.java:870)\r\n	at org.springframework.jdbc.core.JdbcTemplate.execute(JdbcTemplate.java:633)\r\n	... 26 more\r\norg.springframework.jdbc.BadSqlGrammarException: PreparedStatementCallback; bad SQL grammar [INSERT INTO logging_system (date, title, description, owner_id, owner_ip, owner_useragent, owner_referrer) values (?, ?, ?, ?, ?, ?, ?)]; nested exception is com.mysql.jdbc.exceptions.jdbc4.MySQLSyntaxErrorException: Unknown column \'owner_id\' in \'field list\'\r\n	at org.springframework.jdbc.support.SQLErrorCodeSQLExceptionTranslator.doTranslate(SQLErrorCodeSQLExceptionTranslator.java:231)\r\n	at org.springframework.jdbc.support.AbstractFallbackSQLExceptionTranslator.translate(AbstractFallbackSQLExceptionTranslator.java:73)\r\n	at org.springframework.jdbc.core.JdbcTemplate.execute(JdbcTemplate.java:649)\r\n	at org.springframework.jdbc.core.JdbcTemplate.update(JdbcTemplate.java:870)\r\n	at org.springframework.jdbc.core.JdbcTemplate.update(JdbcTemplate.java:931)\r\n	at org.springframework.jdbc.core.JdbcTemplate.update(JdbcTemplate.java:941)\r\n	at online.themixhub.demo.sql.impl.Logging_UserSQL.insert(Logging_UserSQL.java:39)\r\n	at online.themixhub.demo.utils.LoggingUtil.insertUserLog(LoggingUtil.java:33)\r\n	at online.themixhub.demo.pages.html.Login.getPage(Login.java:256)\r\n	at sun.reflect.NativeMethodAccessorImpl.invoke0(Native Method)\r\n	at sun.reflect.NativeMethodAccessorImpl.invoke(NativeMethodAccessorImpl.java:62)\r\n	at sun.reflect.DelegatingMethodAccessorImpl.invoke(DelegatingMethodAccessorImpl.java:43)\r\n	at java.lang.reflect.Method.invoke(Method.java:498)\r\n	at org.jooby.internal.mvc.MvcHandler.invoke(MvcHandler.java:75)\r\n	at org.jooby.internal.mvc.MvcHandler.handle(MvcHandler.java:53)\r\n	at org.jooby.Route$Handler.handle(Route.java:1720)\r\n	at org.jooby.internal.RouteImpl.handle(RouteImpl.java:97)\r\n	at org.jooby.internal.RouteChain.next(RouteChain.java:77)\r\n	at org.jooby.Route$Chain.next(Route.java:2109)\r\n	at org.jooby.internal.HttpHandlerImpl.handle(HttpHandlerImpl.java:312)\r\n	at org.jooby.internal.netty.NettyHandler.channelRead0(NettyHandler.java:91)\r\n	at io.netty.channel.SimpleChannelInboundHandler.channelRead(SimpleChannelInboundHandler.java:105)\r\n	at io.netty.channel.AbstractChannelHandlerContext.invokeChannelRead(AbstractChannelHandlerContext.java:362)\r\n	at io.netty.channel.AbstractChannelHandlerContext.access$600(AbstractChannelHandlerContext.java:38)\r\n	at io.netty.channel.AbstractChannelHandlerContext$7.run(AbstractChannelHandlerContext.java:353)\r\n	at io.netty.util.concurrent.DefaultEventExecutor.run(DefaultEventExecutor.java:66)\r\n	at io.netty.util.concurrent.SingleThreadEventExecutor$5.run(SingleThreadEventExecutor.java:858)\r\n	at io.netty.util.concurrent.DefaultThreadFactory$DefaultRunnableDecorator.run(DefaultThreadFactory.java:144)\r\n	at java.lang.Thread.run(Thread.java:745)\r\nCaused by: com.mysql.jdbc.exceptions.jdbc4.MySQLSyntaxErrorException: Unknown column \'owner_id\' in \'field list\'\r\n	at sun.reflect.NativeConstructorAccessorImpl.newInstance0(Native Method)\r\n	at sun.reflect.NativeConstructorAccessorImpl.newInstance(NativeConstructorAccessorImpl.java:62)\r\n	at sun.reflect.DelegatingConstructorAccessorImpl.newInstance(DelegatingConstructorAccessorImpl.java:45)\r\n	at java.lang.reflect.Constructor.newInstance(Constructor.java:423)\r\n	at com.mysql.jdbc.Util.handleNewInstance(Util.java:404)\r\n	at com.mysql.jdbc.Util.getInstance(Util.java:387)\r\n	at com.mysql.jdbc.SQLError.createSQLException(SQLError.java:939)\r\n	at com.mysql.jdbc.MysqlIO.checkErrorPacket(MysqlIO.java:3878)\r\n	at com.mysql.jdbc.MysqlIO.checkErrorPacket(MysqlIO.java:3814)\r\n	at com.mysql.jdbc.MysqlIO.sendCommand(MysqlIO.java:2478)\r\n	at com.mysql.jdbc.MysqlIO.sqlQueryDirect(MysqlIO.java:2625)\r\n	at com.mysql.jdbc.ConnectionImpl.execSQL(ConnectionImpl.java:2551)\r\n	at com.mysql.jdbc.PreparedStatement.executeInternal(PreparedStatement.java:1861)\r\n	at com.mysql.jdbc.PreparedStatement.executeUpdateInternal(PreparedStatement.java:2073)\r\n	at com.mysql.jdbc.PreparedStatement.executeUpdateInternal(PreparedStatement.java:2009)\r\n	at com.mysql.jdbc.PreparedStatement.executeLargeUpdate(PreparedStatement.java:5094)\r\n	at com.mysql.jdbc.PreparedStatement.executeUpdate(PreparedStatement.java:1994)\r\n	at com.zaxxer.hikari.pool.ProxyPreparedStatement.executeUpdate(ProxyPreparedStatement.java:61)\r\n	at com.zaxxer.hikari.pool.HikariProxyPreparedStatement.executeUpdate(HikariProxyPreparedStatement.java)\r\n	at org.springframework.jdbc.core.JdbcTemplate$2.doInPreparedStatement(JdbcTemplate.java:877)\r\n	at org.springframework.jdbc.core.JdbcTemplate$2.doInPreparedStatement(JdbcTemplate.java:870)\r\n	at org.springframework.jdbc.core.JdbcTemplate.execute(JdbcTemplate.java:633)\r\n	... 26 more\r\n'),(11,1492985664260,'Not Found (404)','org.jooby.Err: Not Found(404): /css/bootstrap.min.css.map\r\n	at org.jooby.internal.HttpHandlerImpl.lambda$routes$10(HttpHandlerImpl.java:446)\r\n	at org.jooby.internal.FallbackRoute.handle(FallbackRoute.java:113)\r\n	at org.jooby.internal.RouteChain.next(RouteChain.java:77)\r\n	at org.jooby.Route$Chain.next(Route.java:2109)\r\n	at org.jooby.Route$Handler.handle(Route.java:1721)\r\n	at org.jooby.internal.RouteImpl.handle(RouteImpl.java:97)\r\n	at org.jooby.internal.RouteChain.next(RouteChain.java:77)\r\n	at org.jooby.Route$Chain.next(Route.java:2109)\r\n	at org.jooby.internal.HttpHandlerImpl.handle(HttpHandlerImpl.java:312)\r\n	at org.jooby.internal.netty.NettyHandler.channelRead0(NettyHandler.java:91)\r\n	at io.netty.channel.SimpleChannelInboundHandler.channelRead(SimpleChannelInboundHandler.java:105)\r\n	at io.netty.channel.AbstractChannelHandlerContext.invokeChannelRead(AbstractChannelHandlerContext.java:362)\r\n	at io.netty.channel.AbstractChannelHandlerContext.access$600(AbstractChannelHandlerContext.java:38)\r\n	at io.netty.channel.AbstractChannelHandlerContext$7.run(AbstractChannelHandlerContext.java:353)\r\n	at io.netty.util.concurrent.DefaultEventExecutor.run(DefaultEventExecutor.java:66)\r\n	at io.netty.util.concurrent.SingleThreadEventExecutor$5.run(SingleThreadEventExecutor.java:858)\r\n	at io.netty.util.concurrent.DefaultThreadFactory$DefaultRunnableDecorator.run(DefaultThreadFactory.java:144)\r\n	at java.lang.Thread.run(Thread.java:745)\r\n'),(12,1492985753010,'Not Found (404)','org.jooby.Err: Not Found(404): /css/bootstrap.min.css.map\r\n	at org.jooby.internal.HttpHandlerImpl.lambda$routes$10(HttpHandlerImpl.java:446)\r\n	at org.jooby.internal.FallbackRoute.handle(FallbackRoute.java:113)\r\n	at org.jooby.internal.RouteChain.next(RouteChain.java:77)\r\n	at org.jooby.Route$Chain.next(Route.java:2109)\r\n	at org.jooby.Route$Handler.handle(Route.java:1721)\r\n	at org.jooby.internal.RouteImpl.handle(RouteImpl.java:97)\r\n	at org.jooby.internal.RouteChain.next(RouteChain.java:77)\r\n	at org.jooby.Route$Chain.next(Route.java:2109)\r\n	at org.jooby.internal.HttpHandlerImpl.handle(HttpHandlerImpl.java:312)\r\n	at org.jooby.internal.netty.NettyHandler.channelRead0(NettyHandler.java:91)\r\n	at io.netty.channel.SimpleChannelInboundHandler.channelRead(SimpleChannelInboundHandler.java:105)\r\n	at io.netty.channel.AbstractChannelHandlerContext.invokeChannelRead(AbstractChannelHandlerContext.java:362)\r\n	at io.netty.channel.AbstractChannelHandlerContext.access$600(AbstractChannelHandlerContext.java:38)\r\n	at io.netty.channel.AbstractChannelHandlerContext$7.run(AbstractChannelHandlerContext.java:353)\r\n	at io.netty.util.concurrent.DefaultEventExecutor.run(DefaultEventExecutor.java:66)\r\n	at io.netty.util.concurrent.SingleThreadEventExecutor$5.run(SingleThreadEventExecutor.java:858)\r\n	at io.netty.util.concurrent.DefaultThreadFactory$DefaultRunnableDecorator.run(DefaultThreadFactory.java:144)\r\n	at java.lang.Thread.run(Thread.java:745)\r\n'),(13,1492986076060,'Not Found (404)','org.jooby.Err: Not Found(404): /css/bootstrap.min.css.map\r\n	at org.jooby.internal.HttpHandlerImpl.lambda$routes$10(HttpHandlerImpl.java:446)\r\n	at org.jooby.internal.FallbackRoute.handle(FallbackRoute.java:113)\r\n	at org.jooby.internal.RouteChain.next(RouteChain.java:77)\r\n	at org.jooby.Route$Chain.next(Route.java:2109)\r\n	at org.jooby.Route$Handler.handle(Route.java:1721)\r\n	at org.jooby.internal.RouteImpl.handle(RouteImpl.java:97)\r\n	at org.jooby.internal.RouteChain.next(RouteChain.java:77)\r\n	at org.jooby.Route$Chain.next(Route.java:2109)\r\n	at org.jooby.internal.HttpHandlerImpl.handle(HttpHandlerImpl.java:312)\r\n	at org.jooby.internal.netty.NettyHandler.channelRead0(NettyHandler.java:91)\r\n	at io.netty.channel.SimpleChannelInboundHandler.channelRead(SimpleChannelInboundHandler.java:105)\r\n	at io.netty.channel.AbstractChannelHandlerContext.invokeChannelRead(AbstractChannelHandlerContext.java:362)\r\n	at io.netty.channel.AbstractChannelHandlerContext.access$600(AbstractChannelHandlerContext.java:38)\r\n	at io.netty.channel.AbstractChannelHandlerContext$7.run(AbstractChannelHandlerContext.java:353)\r\n	at io.netty.util.concurrent.DefaultEventExecutor.run(DefaultEventExecutor.java:66)\r\n	at io.netty.util.concurrent.SingleThreadEventExecutor$5.run(SingleThreadEventExecutor.java:858)\r\n	at io.netty.util.concurrent.DefaultThreadFactory$DefaultRunnableDecorator.run(DefaultThreadFactory.java:144)\r\n	at java.lang.Thread.run(Thread.java:745)\r\n'),(14,1492986081934,'Not Found (404)','org.jooby.Err: Not Found(404): /css/bootstrap.min.css.map\r\n	at org.jooby.internal.HttpHandlerImpl.lambda$routes$10(HttpHandlerImpl.java:446)\r\n	at org.jooby.internal.FallbackRoute.handle(FallbackRoute.java:113)\r\n	at org.jooby.internal.RouteChain.next(RouteChain.java:77)\r\n	at org.jooby.Route$Chain.next(Route.java:2109)\r\n	at org.jooby.Route$Handler.handle(Route.java:1721)\r\n	at org.jooby.internal.RouteImpl.handle(RouteImpl.java:97)\r\n	at org.jooby.internal.RouteChain.next(RouteChain.java:77)\r\n	at org.jooby.Route$Chain.next(Route.java:2109)\r\n	at org.jooby.internal.HttpHandlerImpl.handle(HttpHandlerImpl.java:312)\r\n	at org.jooby.internal.netty.NettyHandler.channelRead0(NettyHandler.java:91)\r\n	at io.netty.channel.SimpleChannelInboundHandler.channelRead(SimpleChannelInboundHandler.java:105)\r\n	at io.netty.channel.AbstractChannelHandlerContext.invokeChannelRead(AbstractChannelHandlerContext.java:362)\r\n	at io.netty.channel.AbstractChannelHandlerContext.access$600(AbstractChannelHandlerContext.java:38)\r\n	at io.netty.channel.AbstractChannelHandlerContext$7.run(AbstractChannelHandlerContext.java:353)\r\n	at io.netty.util.concurrent.DefaultEventExecutor.run(DefaultEventExecutor.java:66)\r\n	at io.netty.util.concurrent.SingleThreadEventExecutor$5.run(SingleThreadEventExecutor.java:858)\r\n	at io.netty.util.concurrent.DefaultThreadFactory$DefaultRunnableDecorator.run(DefaultThreadFactory.java:144)\r\n	at java.lang.Thread.run(Thread.java:745)\r\n');
/*!40000 ALTER TABLE `logging_system` ENABLE KEYS */;
UNLOCK TABLES;

--
-- Table structure for table `logging_user`
--

DROP TABLE IF EXISTS `logging_user`;
/*!40101 SET @saved_cs_client     = @@character_set_client */;
/*!40101 SET character_set_client = utf8 */;
CREATE TABLE `logging_user` (
  `id` int(11) NOT NULL AUTO_INCREMENT,
  `date` bigint(20) NOT NULL,
  `title` text NOT NULL,
  `description` text NOT NULL,
  `owner_id` int(11) NOT NULL,
  `owner_ip` tinytext NOT NULL,
  `owner_useragent` text NOT NULL,
  `owner_referrer` text,
  PRIMARY KEY (`id`)
) ENGINE=InnoDB AUTO_INCREMENT=5 DEFAULT CHARSET=utf8;
/*!40101 SET character_set_client = @saved_cs_client */;

--
-- Dumping data for table `logging_user`
--

LOCK TABLES `logging_user` WRITE;
/*!40000 ALTER TABLE `logging_user` DISABLE KEYS */;
INSERT INTO `logging_user` VALUES (1,1492985663513,'Login','User Logged In',14,'0:0:0:0:0:0:0:1','Mozilla/5.0 (Windows NT 6.1; Win64; x64) AppleWebKit/537.36 (KHTML, like Gecko) Chrome/57.0.2987.133 Safari/537.36','http://localhost:8080/login'),(2,1492987366671,'Invoices','User paid invoice #8',14,'0:0:0:0:0:0:0:1','Mozilla/5.0 (Windows NT 6.1; Win64; x64) AppleWebKit/537.36 (KHTML, like Gecko) Chrome/57.0.2987.133 Safari/537.36','http://localhost:8080/pay_invoice?invoice_id=8'),(3,1492987372456,'Jobs','User created job: 20: rherherehrhe',14,'0:0:0:0:0:0:0:1','Mozilla/5.0 (Windows NT 6.1; Win64; x64) AppleWebKit/537.36 (KHTML, like Gecko) Chrome/57.0.2987.133 Safari/537.36','http://localhost:8080/jobs?'),(4,1492987480234,'Jobs','User attemped to post job comment: jtyrnrtyjjytyj75t',14,'0:0:0:0:0:0:0:1','Mozilla/5.0 (Windows NT 6.1; Win64; x64) AppleWebKit/537.36 (KHTML, like Gecko) Chrome/57.0.2987.133 Safari/537.36','http://localhost:8080/jobs?id=20');
/*!40000 ALTER TABLE `logging_user` ENABLE KEYS */;
UNLOCK TABLES;
/*!40103 SET TIME_ZONE=@OLD_TIME_ZONE */;

/*!40101 SET SQL_MODE=@OLD_SQL_MODE */;
/*!40014 SET FOREIGN_KEY_CHECKS=@OLD_FOREIGN_KEY_CHECKS */;
/*!40014 SET UNIQUE_CHECKS=@OLD_UNIQUE_CHECKS */;
/*!40101 SET CHARACTER_SET_CLIENT=@OLD_CHARACTER_SET_CLIENT */;
/*!40101 SET CHARACTER_SET_RESULTS=@OLD_CHARACTER_SET_RESULTS */;
/*!40101 SET COLLATION_CONNECTION=@OLD_COLLATION_CONNECTION */;
/*!40111 SET SQL_NOTES=@OLD_SQL_NOTES */;

-- Dump completed on 2017-04-23 15:49:28
